,고유번호,법정동코드,지목,토지면적,geometry,주소,공시지가,위도,경도
0,4413135026104310003,4413135026,답,2978.0,"POLYGON ((226161.13411533408 460656.7895716499, 226191.09491050983 460656.1630491072, 226189.03349123278 460556.94373352546, 226159.2506948257 460557.5662589251, 226161.13411533408 460656.7895716499))",충청남도 천안시 동남구 수신면 장산리 431-3,34600,36.743646,127.293085
1,4415033033102740003,4415033033,답,1816.0,"POLYGON ((211400.34097634573 415643.4006434138, 211423.95275943505 415646.9329817974, 211436.1968214195 415572.34468810866, 211412.2980424275 415568.6733462857, 211400.34097634573 415643.4006434138))",충청남도 공주시 계룡면 상성리 274-3,21400,36.3384482,127.127191
2,4415036034103070001,4415036034,답,4704.0,"POLYGON ((216105.43814517817 440468.079779587, 216106.02814007417 440468.1397883439, 216107.61814923637 440466.8298224361, 216113.5781328209 440465.17992699175, 216119.68816610283 440460.27005710674, 216125.01825627245 440452.0601985853, 216127.6483155364 440447.060275156, 216132.59848218397 440434.1104444814, 216146.15854473505 440423.9407280674, 216152.69851426175 440422.93083709537, 216161.59852036656 440418.50100723223, 216173.52847719766 440415.86121179565, 216181.21843658073 440414.9813378067, 216194.20834622698 440414.8915407126, 216194.37839500268 440411.68156622536, 216197.95846499933 440405.56166556134, 216199.92858030932 440397.2617553579, 216200.5686193812 440394.4617852685, 216194.95872330683 440390.33172733313, 216193.55871061946 440391.78169520583, 216191.4687344136 440391.20166679256, 216185.20886954857 440385.3616109153, 216182.24908397725 440372.9316533656, 216178.4191222406 440372.21159885824, 216169.66922249622 440369.74148021085, 216162.90931181368 440367.07139397087, 216161.36934650972 440365.54138089257, 216151.7995034677 440359.8012727682, 216141.11963604053 440356.1311326202, 216136.59968337978 440355.14106929436, 216133.1196438187 440359.2609857635, 216129.37962290453 440362.3009058754, 216124.6596509529 440362.6408299635, 216120.34969633946 440361.6807696959, 216120.0896578583 440364.270747197, 216121.67957205581 440369.06073783326, 216123.11942021013 440378.1606954336, 216122.57930056745 440386.0906305384, 216118.79910261757 440400.5204688921, 216117.9589534866 440410.48038486426, 216116.14880513973 440420.83028295066, 216114.06858521327 440435.90014320787, 216110.33831062017 440455.2299474273, 216105.51816454026 440466.7997899497, 216105.43814517817 440468.079779587))",충청남도 공주시 의당면 중흥리 307-1,25500,36.5618237,127.1803854
3,4415038026101770000,4415038026,답,1390.0,"POLYGON ((208622.89635292656 431605.931739868, 208624.29730272954 431608.54274297913, 208624.0752284995 431613.4487047228, 208624.97018285203 431615.99570047087, 208636.1949838429 431623.76281877, 208648.16573352818 431634.51092743455, 208651.1213151855 431595.5152499138, 208651.01536555248 431592.30327107676, 208649.42312528248 431543.8525903847, 208647.7631262449 431544.54655981075, 208636.20276071047 431573.4741758624, 208622.89635292656 431605.931739868))",충청남도 공주시 우성면 도천리 177,30800,36.4825563,127.0964167
4,4415038028100680001,4415038028,답,2985.0,"POLYGON ((208044.9870083171 433315.5566574207, 208114.88760659244 433244.9332404613, 208093.7200809462 433223.9050628999, 208023.1594824508 433294.8454674287, 208044.9870083171 433315.5566574207))",충청남도 공주시 우성면 내산리 68-1,31400,36.4976537,127.090067
5,4418010200105390002,4418010200,답,2912.0,"POLYGON ((164690.79277649723 418381.63795964594, 164688.8887881362 418381.7779300739, 164687.4518211052 418380.2709194935, 164684.93889142407 418376.79090712895, 164680.04498580977 418372.85186240054, 164671.6351461145 418366.20878462, 164649.25756784924 418348.85357532516, 164642.48669345726 418343.73551103077, 164629.5089288608 418334.2823852027, 164628.10696686813 418332.4223777149, 164624.28294564196 418335.6782966784, 164620.94892278413 418338.80722391035, 164618.885903949 418341.05617661023, 164614.9368679268 418345.35908607824, 164610.93576975117 418353.83196441946, 164611.13963637268 418362.6289034588, 164609.5265963987 418366.0708542213, 164618.47743455716 418372.555941259, 164625.14831995693 418376.98800904176, 164640.3830566804 418387.2131631001, 164657.14577490662 418397.936336449, 164674.48448917206 418408.64651853556, 164690.79277649723 418381.63795964594))",충청남도 보령시 죽정동 539-2,49400,36.3627868,126.6060958
6,4418032023102280004,4418032023,전,565.0,"POLYGON ((159917.22846143087 426047.0631980577, 159921.24744094248 426046.47026274604, 159928.78648233932 426040.0384233102, 159937.06546373176 426037.24456815823, 159944.6182169586 426050.0085874089, 159951.17722419588 426046.33071296144, 159952.6161839579 426048.31071996037, 159954.05617644632 426048.10974305467, 159959.46620249833 426043.7378564804, 159958.93724196314 426041.36586602766, 159955.48725059282 426042.4718060958, 159950.8613963372 426035.0137916525, 159945.95449434343 426030.87374853046, 159938.5586096657 426026.79266762175, 159927.59168035706 426027.4254983658, 159920.29371155464 426028.90237795166, 159915.94262436632 426036.832254185, 159917.22846143087 426047.0631980577))",충청남도 보령시 오천면 교성리 228-4,11300,36.4316675,126.5532148
7,4418034021112710000,4418034021,답,1835.0,"POLYGON ((163124.8524947528 427878.6639020259, 163142.2094675109 427872.04621194355, 163107.14310503722 427780.2343606163, 163089.70613378854 427786.7900499728, 163124.8524947528 427878.6639020259))",충청남도 보령시 청소면 진죽리 1271,14900,36.4479296,126.5885604
8,4420037027101820000,4420037027,답,3944.0,"POLYGON ((196053.47541121644 476465.8187095803, 196150.66090721826 476451.4933377, 196144.70857132412 476411.877543762, 196046.97508196608 476426.0389083417, 196053.47541121644 476465.8187095803))",충청남도 아산시 영인면 와우리 182,23500,36.8867005,126.9562331
9,4421032022101510002,4421032022,답,2199.5,"POLYGON ((144172.89396486647 461026.74229412375, 144195.76456990495 460975.03504134016, 144188.9046770071 460971.4449655679, 144179.35490697692 460961.09490166296, 144134.29478386368 460992.2239790108, 144147.58435556115 461013.79301227396, 144157.19414129088 461023.07308539515, 144163.25404729843 461026.2031526475, 144172.89396486647 461026.74229412375))",충청남도 서산시 부석면 강수리 151-2,13500,36.745899,126.3748104
10,4421032028108400005,4421032028,답,476.0,"POLYGON ((144188.5364499551 453429.12730781315, 144191.10531048098 453437.08528518456, 144196.2040959503 453448.74327214755, 144199.39009561785 453447.148332416, 144216.7460938484 453438.4566607656, 144209.2154019152 453421.82167552056, 144194.93544703687 453426.0734277094, 144188.5364499551 453429.12730781315))",충청남도 서산시 부석면 봉락리 840-5,18300,36.6777502,126.3757533
11,4423010400104910041,4423010400,답,1332.0,"POLYGON ((206538.11158867145 399995.61517710076, 206539.78358567803 399995.066206318, 206518.7611855355 399965.0400917867, 206513.08019146798 399967.18299060885, 206502.31418475098 399972.4237907932, 206490.43816506374 399979.01156485314, 206486.5941473424 399981.88948661403, 206512.2194853303 400013.94565732405, 206520.5455253707 400007.6038275301, 206527.8285595821 400002.1099760486, 206538.11158867145 399995.61517710076))",충청남도 논산시 부창동 491-41,25300,36.1977612,127.0724263
12,4423025324102290004,4423025324,답,1806.0,"POLYGON ((210869.76394888293 392599.5714147943, 210862.55326496923 392581.96942399663, 210821.84538451652 392592.0317366269, 210813.96039471542 392594.83259773126, 210788.3474126599 392604.9291398101, 210798.12898352943 392628.8301271483, 210869.76394888293 392599.5714147943))",충청남도 논산시 연무읍 동산리 229-4,21800,36.131158,127.1202802
13,4423025326104160008,4423025326,답,2828.0,"POLYGON ((211098.5697039729 390016.14931788883, 211002.83823252493 390023.4118138284, 211004.86176974297 390052.97264554276, 211101.09323889264 390045.6401576933, 211098.5697039729 390016.14931788883))",충청남도 논산시 연무읍 소룡리 416-8,13900,36.1079776,127.1227302
14,4423025329101780000,4423025329,전,463.0,"POLYGON ((211597.40790420843 386492.621560144, 211594.50496532215 386489.86553453596, 211588.69590548734 386496.34840291145, 211591.0947605112 386504.8493823782, 211589.22173756326 386507.18033832405, 211584.6177635117 386507.48526638374, 211590.23065293167 386512.31431924715, 211597.6396130933 386511.6974358607, 211602.94963098757 386508.1955399415, 211607.7116536771 386504.61763620924, 211622.5776076104 386501.1488851483, 211618.46074478183 386493.9138711125, 211605.70086092927 386491.84469125397, 211597.40790420843 386492.621560144))",충청남도 논산시 연무읍 고내리 178,11500,36.0761595,127.1288277
15,4423025330114000001,4423025330,답,3357.0,"POLYGON ((209249.55966286449 389383.28749261226, 209127.07127966857 389396.56554367964, 209125.03426471388 389398.4475000686, 209125.42511995597 389407.81244288303, 209125.94794682946 389418.9883754886, 209128.06088717582 389421.9883873424, 209138.24079719232 389423.43553212157, 209175.01554030128 389424.17208541883, 209180.64351609926 389423.28917680716, 209201.47445296467 389418.2795268019, 209223.61340344057 389411.7979065771, 209236.30540815563 389405.90113899636, 209240.52044470166 389401.6382317151, 209249.97162807113 389385.3984846402, 209249.55966286449 389383.28749261226))",충청남도 논산시 연무읍 황화정리 1400-1,14200,36.1023274,127.1020228
16,4423031026103570007,4423031026,전,233.0,"POLYGON ((203306.1589165707 401287.7331258275, 203307.69080755278 401294.21510453924, 203312.76461050895 401304.8971082255, 203318.436639606 401300.4402251459, 203322.8198740831 401283.0554113961, 203321.08294871903 401278.92641338095, 203317.04792314858 401282.4173280017, 203306.1589165707 401287.7331258275))",충청남도 논산시 성동면 원남리 357-7,19700,36.2095348,127.0369207
17,4423031026108530001,4423031026,답,2140.0,"POLYGON ((203530.93343759677 401875.88849816297, 203543.72098014163 401900.22352523723, 203613.52242440303 401839.71600365004, 203579.27976391042 401832.75553055876, 203530.93343759677 401875.88849816297))",충청남도 논산시 성동면 원남리 853-1,15600,36.2146549,127.0397185
18,4423031028102550007,4423031028,답,545.0,"POLYGON ((204845.6204086316 402208.5262205956, 204852.71384056896 402176.9815455224, 204844.6988991394 402176.7234252488, 204837.47894401895 402177.0083133504, 204833.21394188414 402179.05823431176, 204829.6606454893 402200.11603540136, 204829.01657660044 402204.9289924968, 204845.6204086316 402208.5262205956))",충청남도 논산시 성동면 정지리 255-7,17800,36.2176503,127.0539583
19,4423032028102520003,4423032028,답,3134.0,"POLYGON ((208997.3779577118 405168.68920213263, 208994.2471642086 405156.57123758865, 208993.07619364263 405155.16722934775, 208995.05929930968 405147.3673132721, 208995.70540156186 405140.3873711274, 208995.73782312285 405112.78356137, 208996.4978887476 405108.1496048388, 208983.8908611988 405115.5753611416, 208980.29492836446 405112.7833253837, 208975.08692622694 405115.24622886686, 208969.4109123492 405118.6861184836, 208967.6968840421 405121.3030743025, 208969.39380524828 405125.70306998683, 208968.68777447473 405128.0320431879, 208965.19276999636 405129.8839770497, 208963.91974709064 405131.9509433871, 208960.03673271352 405134.6238656767, 208956.96474660677 405135.0848155616, 208954.97979455697 405132.83180071745, 208952.10776106504 405136.3047329564, 208947.20378491006 405136.93165370624, 208947.27372452122 405140.8526278219, 208950.4626965698 405141.25967375346, 208951.7235996 405147.0436532621, 208948.42358981993 405149.1555883108, 208948.74355981615 405150.97658068733, 208944.17556130775 405152.916497543, 208946.2585040237 405155.73650998867, 208949.42638856996 405161.87951616605, 208949.8062975886 405167.66448220296, 208947.19523997893 405172.5994083774, 208947.75815742326 405177.7513815613, 208952.18702551778 405184.40840347426, 208952.2749682014 405188.1203793, 208974.3497505409 405192.5186864019, 208984.7956943166 405191.53885277174, 208991.29983267584 405179.5830343594, 208998.8558933476 405172.24220029474, 208997.3779577118 405168.68920213263))",충청남도 논산시 광석면 천동리 252-3,14200,36.2442773,127.0998536
20,4423034027102670003,4423034027,답,590.0,"POLYGON ((216618.452482561 410878.8838027535, 216612.5425510572 410877.04872445064, 216583.62428539165 410972.1456259585, 216589.3152193203 410973.9197013087, 216618.452482561 410878.8838027535))",충청남도 논산시 상월면 대명리 267-3,18100,36.2961865,127.1847939
21,4423035021100090015,4423035021,전,261.0,"POLYGON ((212393.58179499445 401773.0053703602, 212397.01173624862 401775.3304069331, 212404.9782512113 401803.5343362747, 212414.0053466648 401793.2955441518, 212413.9254324912 401787.7165809997, 212401.0877295112 401773.96747854823, 212393.58179499445 401773.0053703602))",충청남도 논산시 부적면 마구평리 9-15,36600,36.2139228,127.1379486
22,4423035030107040001,4423035030,답,4529.0,"POLYGON ((212045.09537698684 399532.66031417606, 212057.98812714126 399543.325438466, 212070.8808773068 399553.9895627598, 212071.8598568973 399554.8935715585, 212072.8388364716 399555.79858034523, 212073.70481990604 399556.5005887931, 212074.57080334547 399557.20259724034, 212097.05052274888 399500.15432883997, 212119.53024215484 399443.106060396, 212083.40270480278 399428.76960627304, 212042.75540965068 399531.55528596474, 212043.52439493305 399532.17929346114, 212043.65739641903 399532.02329655504, 212043.790397919 399531.86629965255, 212044.4433874496 399532.2633069224, 212045.09537698684 399532.66031417606))",충청남도 논산시 부적면 신교리 704-1,21100,36.193217,127.1343056
23,4423036033104770007,4423036033,답,1964.0,"POLYGON ((215553.840566153 404897.8694278648, 215533.88170165592 404897.8451219568, 215533.9711932278 404996.17945171415, 215554.16905750177 404996.1117619274, 215553.840566153 404897.8694278648))",충청남도 논산시 연산면 덕암리 477-7,20400,36.2423636,127.1728983
24,4423036037105850009,4423036037,답,2949.0,"POLYGON ((215033.4465935591 404799.8031186295, 214997.86025822102 404706.92420761427, 214970.21228410772 404717.4517118709, 215005.84161882265 404810.352623363, 215033.4465935591 404799.8031186295))",충청남도 논산시 연산면 사포리 585-9,21700,36.2406648,127.1668732
25,4423038029104170000,4423038029,전,1931.0,"POLYGON ((227689.5291723621 399430.5799347849, 227681.67731505225 399424.702853256, 227677.78838001253 399422.16281038686, 227662.56837727036 399428.90953073325, 227653.5853374772 399435.370349059, 227644.8062306167 399446.0981419167, 227652.55802101176 399456.3631924791, 227660.70577151052 399469.04823291907, 227666.80358367588 399478.6132627054, 227695.79456405342 399467.37578458246, 227696.62060457908 399464.3878173396, 227700.0927218435 399455.27493191895, 227692.07594884204 399443.99488407065, 227694.17203276415 399437.6409589527, 227689.5291723621 399430.5799347849))",충청남도 논산시 벌곡면 만목리 417,15900,36.1925013,127.3076694
26,4423040028107060001,4423040028,전,1438.0,"POLYGON ((215540.68366099492 394111.97039708804, 215523.4534640583 394132.4139963087, 215498.05416129628 394163.3664000019, 215505.43891616352 394176.19442628237, 215530.55315688203 394149.4319900061, 215565.39747567658 394113.29676541, 215550.04776609692 394100.9866140435, 215540.68366099492 394111.97039708804))",충청남도 논산시 가야곡면 등리 706-1,15300,36.1449053,127.1725996
27,4423041023104490008,4423041023,답,2269.0,"POLYGON ((209118.77283692293 394628.31703841826, 209124.24674368423 394632.02609653515, 209127.65564901213 394636.7421164031, 209127.4866416316 394637.3021100326, 209127.26358127908 394641.36807905266, 209125.21455801785 394643.80303135817, 209124.573550722 394644.5660164288, 209115.374502045 394651.8328271684, 209097.46951626742 394658.81450738886, 209169.68983970585 394671.35752108437, 209178.04343953065 394628.23594073637, 209116.52491378892 394624.2580317573, 209118.77283692293 394628.31703841826))",충청남도 논산시 은진면 토양리 449-8,19000,36.1495905,127.1016133
28,4423042021104700006,4423042021,답,2496.0,"POLYGON ((205434.75190482577 398034.86780359095, 205433.75995848363 398031.7808096145, 205426.86034386122 398009.5088569869, 205422.07060676208 397994.3518877876, 205408.9393300952 397952.6279733967, 205405.27753468524 397940.8029985676, 205380.8285853214 397948.37257508526, 205393.33689844978 397987.97649448947, 205399.76054502578 398008.3594527951, 205404.88926331647 398024.60241971404, 205409.74699489016 398040.0923876633, 205410.54095489066 398042.3693841686, 205434.75190482577 398034.86780359095))",충청남도 논산시 채운면 화산리 470-6,15300,36.1797392,127.0601036
29,4427025324106340001,4427025324,답,5088.5,"POLYGON ((175025.10224566347 475763.4910576674, 175087.46293695772 475688.0326016953, 175047.29374605973 475655.5022305555, 174984.74302425253 475733.0306677199, 175020.59230091792 475762.1409983097, 175025.10224566347 475763.4910576674))",충청남도 당진시 송악읍 본당리 634-1,17200,36.8798177,126.7199268
30,4427025338101941544,4427025338,답,1373.0,"POLYGON ((176386.4196876414 486608.97638766683, 176386.4197881429 486602.510437872, 176333.5891776846 486603.6306079677, 176334.29256564646 486642.65931585256, 176366.22733009607 486641.9868174764, 176366.2278431822 486608.97607380117, 176386.4196876414 486608.97638766683))",충청남도 당진시 송악읍 고대리 194-1544,84300,36.97817,126.734402
31,4427031022104240017,4427031022,답,1144.0,"POLYGON ((165905.2777407383 483569.15768787183, 165918.93792726565 483550.22004664084, 165917.43296183477 483548.73603499366, 165914.4750110093 483547.03500260954, 165901.84522611354 483539.43886693724, 165891.5863645564 483535.61873838527, 165880.3155166299 483531.42359714163, 165871.22264601017 483527.6054865788, 165866.51754797448 483536.3173459143, 165862.1704635759 483543.96621907596, 165888.35102232406 483559.4115026525, 165902.61978258716 483567.7806575896, 165905.2777407383 483569.15768787183))",충청남도 당진시 고대면 슬항리 424-17,40000,36.9501582,126.6170558
32,4427034033106330004,4427034033,답,2469.0,"POLYGON ((163493.60883961932 471187.16673328175, 163497.8427859401 471188.55178752186, 163523.1895896727 471188.68717522407, 163521.8364986616 471130.0916069743, 163522.2017809962 471111.49875615304, 163512.03195277395 471105.37764745194, 163493.80528747287 471092.65746614436, 163493.60883961932 471187.16673328175))",충청남도 당진시 정미면 대운산리 633-4,27200,36.8382989,126.5908635
33,4471037032102640001,4471037032,답,76.0,"POLYGON ((231576.10497684366 397707.28435850714, 231544.81533346183 397697.5639406879, 231545.12532354778 397698.0739420721, 231554.4451797777 397703.404050292, 231560.06510810487 397705.64412203943, 231563.8150651334 397706.82417201664, 231567.17503152203 397707.5642189055, 231572.63498249592 397708.40429752134, 231576.6149592837 397708.20436024084, 231576.10497684366 397707.28435850714))",충청남도 금산군 진산면 지방리 264-1,28900,36.1766811,127.3508268
34,4476025031101900002,4476025031,답,902.0,"POLYGON ((193513.93559359128 409894.4195367928, 193516.59538998827 409906.61249163595, 193519.3001680374 409919.9934388288, 193520.11713576966 409921.74443894887, 193522.67915128835 409919.54849325214, 193528.71322508244 409911.92263836577, 193529.4932332773 409911.02565650095, 193531.87843661424 409896.53879434464, 193532.9745805865 409886.55288103974, 193534.20265215397 409881.27593670593, 193535.27572929344 409875.7029920907, 193535.93480775 409870.2330404712, 193534.82081549612 409870.2330235578, 193525.64089683894 409869.0808922632, 193518.8589542454 409868.40679402737, 193511.94997760438 409870.03367772, 193506.571991755 409871.56558532163, 193507.4409176722 409876.0475670721, 193511.46280059745 409881.91658696206, 193513.93559359128 409894.4195367928))",충청남도 부여군 부여읍 쌍북리 190-2,85600,36.2869748,126.927891
35,4476036021101160000,4476036021,답,2433.0,"POLYGON ((177906.05538658268 403078.36791492614, 177916.77531341993 403078.24207668233, 177927.48626124003 403076.722248147, 177934.6132574705 403073.6483768034, 177937.9993199082 403067.90746814903, 177939.11945940237 403058.0885542837, 177940.40248105818 403056.046587957, 177940.05863075636 403046.2306520983, 177931.4518556604 403035.25760041224, 177927.82000697782 403026.86760514823, 177926.62011669006 403020.1156348107, 177924.63018873462 403016.24263229466, 177923.6132019144 403015.83861988655, 177921.7682379684 403014.29660308704, 177912.39722157014 403019.7614238835, 177904.3642284143 403023.05328009656, 177899.25224566972 403024.2881946678, 177891.88621780524 403029.5820467558, 177891.2911672499 403033.22901207674, 177890.17616348865 403033.999989904, 177890.5600974188 403038.2239658409, 177886.14094025904 403050.7598110168, 177891.65680799983 403057.0008497229, 177895.40866799635 403064.5808525031, 177900.13154010038 403070.9008787509, 177900.88651520186 403072.2078808528, 177903.32543634978 403076.3248883826, 177906.05538658268 403078.36791492614))",충청남도 부여군 홍산면 토정리 116,16600,36.225107,126.7543493
36,4476042029107260003,4476042029,답,4974.0,"POLYGON ((188093.82303107344 404361.70325148874, 188161.757831375 404409.90993971506, 188167.3789134672 404401.8880807914, 188190.44025020467 404368.9816595292, 188196.19233468332 404360.7418041044, 188128.2575318019 404312.7031146699, 188122.51844834496 404320.86997080833, 188099.48111336838 404353.65039333294, 188093.82303107344 404361.70325148874))",충청남도 부여군 장암면 합곡리 726-3,15800,36.2370853,126.8681242
37,4476045029105510003,4476045029,답,4248.0,"POLYGON ((204965.60609965274 408012.8059973044, 205034.29674424513 407939.6875522485, 205003.64740265033 407910.33728755254, 204936.81677218407 407981.695773224, 204936.43673831134 407984.08575087355, 204944.50654873427 407992.8758132017, 204965.60609965274 408012.8059973044))",충청남도 부여군 초촌면 송정리 551-3,15700,36.2695977,127.0554613
38,4480035031105950008,4480035031,답,2568.0,"POLYGON ((164267.19024650127 432848.67041875725, 164249.73091004704 432945.7384369129, 164268.57472097367 432949.1016963705, 164282.48727628918 432905.53022878396, 164292.32766909088 432874.71060535824, 164302.52190422703 432854.16791120975, 164267.19024650127 432848.67041875725))",충청남도 홍성군 은하면 장척리 595-8,14100,36.4936402,126.6012502
39,4481032021109700000,4481032021,답,2454.5,"POLYGON ((189571.59993423757 445540.26243594754, 189552.50018908994 445532.7321973981, 189534.99036238063 445529.7519499151, 189533.4603355282 445532.2219082516, 189534.35932825366 445597.2814445711, 189556.77914566468 445598.5417802155, 189571.73898323145 445602.0219848087, 189572.19917585235 445589.2820853954, 189571.93526505257 445583.6081229802, 189571.51938184322 445576.2121708627, 189571.56267798663 445556.9393129818, 189571.5607916088 445549.553367159, 189571.59993423757 445540.26243594754))",충청남도 예산군 신양면 신양리 970,16300,36.6084269,126.8832561
40,4481040024101420015,4481040024,과수원,8273.0,"POLYGON ((180592.86035027183 453119.0573400984, 180593.3173355872 453119.79334162467, 180601.5913231132 453116.618492392, 180603.19019138595 453124.4254587013, 180608.2270289329 453132.5764752487, 180611.02790724457 453139.15046921757, 180614.73180785353 453143.83749113546, 180618.37473859807 453146.5915265394, 180619.04069682743 453148.9905188703, 180622.2155624799 453156.20851377933, 180627.4974045962 453163.9435371916, 180625.78135786325 453167.8134819616, 180658.59760779422 453200.8387395962, 180683.7750323721 453226.17293729674, 180705.02616152802 453207.5244028574, 180728.7723340765 453184.8489367835, 180715.66166734128 453169.46685015934, 180702.45199596617 453154.4347594079, 180668.7748640323 453114.1395427624, 180647.95440501036 453088.94641092815, 180618.07736988965 453105.62882759003, 180592.86035027183 453119.0573400984))",충청남도 예산군 오가면 신석리 142-15,36900,36.6766893,126.7836829
41,4482525027100230000,4482525027,전,1736.0,"POLYGON ((140537.25409928776 462546.5525606009, 140538.38416236735 462541.79261480237, 140549.16433361027 462524.91290921974, 140548.28436366428 462523.37290795986, 140526.20512114785 462484.50287812325, 140518.195429268 462468.192884543, 140493.80538196792 462483.84239436704, 140537.25409928776 462546.5525606009))",충청남도 태안군 태안읍 평천리 23,33700,36.7592696,126.3339062
42,4482533022100820000,4482533022,답,740.0,"POLYGON ((132654.84957641643 463063.1008061039, 132654.21257788327 463063.33379469806, 132647.32263252715 463063.2736916186, 132638.2626107682 463069.4235071071, 132631.0626051629 463073.5333665882, 132626.7426284915 463074.2232962382, 132616.71263203485 463079.19310642406, 132611.14262679216 463082.4329972416, 132617.71851529373 463086.43906457373, 132623.7564198493 463089.6561300258, 132626.84035468835 463092.39115487156, 132644.84215328266 463096.44939351897, 132654.84957641643 463063.1008061039))",충청남도 태안군 근흥면 수룡리 82,25100,36.7639363,126.2455371
43,4482535027103810001,4482535027,답,3383.2,"POLYGON ((133748.70118793682 466575.58261192834, 133732.58171553616 466548.92257930664, 133638.80158986754 466605.97071711393, 133654.97107211035 466631.9507558134, 133748.70118793682 466575.58261192834))",충청남도 태안군 원북면 대기리 381-1,12000,36.7956428,126.2570506
44,4476037028100130000,4476037028,답,843.0,"POLYGON ((174578.7747665614 398329.55557056924, 174583.9116814899 398332.84762416896, 174589.82864160335 398332.75171328185, 174583.5068916105 398318.97771579516, 174582.5900022299 398312.00475119957, 174586.89205335837 398306.57385375, 174589.37602102113 398307.5768838156, 174592.80299305543 398307.8469331354, 174597.9779779473 398306.44002039067, 174598.15502480694 398303.2220457026, 174599.91905958188 398300.0710942587, 174605.3669718327 398303.39715226484, 174610.46585813447 398308.62219168176, 174614.91488563942 398304.70328577975, 174609.6509921781 398300.03423998086, 174599.1422551143 398287.3511722249, 174588.56044119972 398279.8440669279, 174580.17350296414 398279.6299430793, 174575.0532159125 398301.22871443856, 174578.70804093464 398311.22869864234, 174578.7747665614 398329.55557056924))",충청남도 부여군 옥산면 대덕리 13,9700,36.1822328,126.7175154
45,4423039022105080000,4423039022,전,1590.0,"POLYGON ((219964.40466673806 393556.93973096705, 219969.3685783397 393560.5617826222, 219970.79449814424 393565.18477344245, 219967.53841350257 393572.1326770426, 219967.27134362573 393576.8166415499, 219966.87123871827 393583.848588279, 219972.58190795727 393602.9895473019, 219982.7319003967 393599.07372884743, 219992.5349300508 393592.87592038384, 219992.85093044446 393592.7129263128, 219989.826252285 393572.98801229167, 219988.89446708473 393559.3510894708, 219987.27567986993 393546.1441532535, 219990.52793644663 393527.95832493645, 219978.2490009229 393529.0781295758, 219973.64998838343 393531.89604032354, 219967.38297120226 393535.74191865954, 219964.61788686362 393542.4568313353, 219958.93285391765 393547.0807133572, 219964.40466673806 393556.93973096705))",충청남도 논산시 양촌면 도평리 508,14900,36.1396569,127.2219667
46,4418033021102390009,4418033021,답,2466.0,"POLYGON ((157759.43753205225 431625.79349402507, 157743.34999682705 431669.30692881194, 157746.33789903595 431674.34893622797, 157747.1608217123 431679.09091334254, 157748.85076645692 431681.9389175653, 157761.24559027178 431687.5820618769, 157758.89150675855 431694.2949765972, 157780.02538388185 431692.1023104878, 157782.6143676766 431691.91035081947, 157788.2703411529 431690.90044332296, 157793.13231601674 431690.18752168666, 157795.4043133749 431689.2485628107, 157779.48243750058 431622.2508215763, 157772.7324761481 431622.99071464455, 157769.88847200663 431624.6616594865, 157767.40047451388 431625.71561426425, 157762.584480467 431627.6825272728, 157759.43753205225 431625.79349402507))",충청남도 보령시 천북면 하만리 239-9,38600,36.4822674,126.5287453
47,4418036024104900075,4418036024,전,908.1,"POLYGON ((164322.74435985438 413445.37627070537, 164329.76431156037 413445.2363767417, 164352.82418000227 413442.96673817205, 164354.1841750291 413442.64676083473, 164347.80463146773 413415.1968640592, 164336.46471136168 413415.2966936806, 164330.9847345386 413416.3766038797, 164324.12473904993 413419.3664796093, 164319.30474222908 413421.4663922983, 164317.5447475321 413421.95636242104, 164313.96476335474 413422.61630408675, 164314.74472888492 413424.5463017875, 164322.74435985438 413445.37627070537))",충청남도 보령시 남포면 봉덕리 490-75,65300,36.3182568,126.6028453
48,4476045029104280000,4476045029,답,1990.0,"POLYGON ((205020.69513715175 408902.52167438914, 205032.1241327436 408897.666882594, 205034.59010177737 408898.5849138922, 205043.09106962197 408896.86505564826, 205054.11999119865 408897.0372228996, 205059.10894692346 408897.6912945616, 205067.15002687604 408888.83747874375, 205073.0940658336 408883.6116057477, 205081.15616575626 408873.4407993789, 205088.15632958256 408859.5630024791, 205094.61343638052 408849.66416970646, 205091.72260109478 408840.1791912929, 205090.48972634377 408832.5322254624, 205085.99070400887 408836.0191325818, 205084.38370138526 408836.91410183493, 205079.955672271 408840.8130071837, 205064.15048989526 408859.8676337269, 205054.02364056095 408854.55851585977, 205051.76261405708 408857.31146224577, 205020.1321640961 408901.0106762668, 205020.69513715175 408902.52167438914))",충청남도 부여군 초촌면 송정리 428,15500,36.2778111,127.0563391
49,4479025023101130009,4479025023,답,2546.7,"POLYGON ((183089.00328333664 428185.5307408399, 183131.27274855503 428200.7412739204, 183133.58283832326 428193.7513596552, 183137.00302205983 428180.06151076604, 183142.44330616848 428158.8217472505, 183140.86342917866 428151.48177632823, 183137.81351572805 428147.2317606753, 183123.40375439334 428138.3416057616, 183118.16386623855 428133.4615613485, 183112.91393982407 428131.10149854794, 183101.57403109464 428130.45133071335, 183089.00328333664 428185.5307408399))",충청남도 청양군 청양읍 교월리 113-9,128900,36.451496,126.8116534
50,4471039027103740001,4471039027,전,2549.0,"POLYGON ((244579.56028186082 401588.6350296689, 244572.74737109462 401585.7699426184, 244572.72155929098 401573.6830221605, 244559.7884690097 401584.9367465084, 244541.7552381588 401607.37631751655, 244559.44287898566 401623.01048930304, 244569.23175891401 401626.603617839, 244573.48556632575 401637.1906139991, 244578.26746366045 401641.77465807996, 244582.57836760156 401646.1326963262, 244589.14123375 401651.9707598265, 244604.3730018059 401660.46094066394, 244610.60406070566 401654.04908002436, 244612.39809307834 401651.21212670486, 244600.89248973093 401630.5640842563, 244596.42571440863 401618.0040978299, 244593.63485075126 401610.41610459454, 244591.26197847043 401603.20611536386, 244589.2582535014 401586.3711955324, 244579.56028186082 401588.6350296689))",충청남도 금산군 추부면 요광리 374-1,42000,36.2114124,127.4957269
51,4423036040100470081,4423036040,전,351.0,"POLYGON ((220988.25535262487 399463.2426895229, 220988.4735738171 399448.73179079517, 220964.14474302976 399448.3104202942, 220963.94752189706 399462.80831943324, 220988.25535262487 399463.2426895229))",충청남도 논산시 연산면 신양리 47-81,57400,36.192731,127.2332449
52,4420041027105680001,4420041027,답,4600.2,"POLYGON ((195214.0247412133 467746.655168803, 195285.89414822584 467750.4662596901, 195291.47514308983 467683.9268446809, 195252.97548858062 467680.09627370536, 195235.87561694576 467680.0060080482, 195227.03565003249 467682.09585472115, 195214.0247412133 467746.655168803))",충청남도 아산시 신창면 신달리 568-1,22200,36.8081004,126.9467927
53,4482536023100220001,4482536023,전,376.0,"POLYGON ((139879.41255378412 476862.8629967482, 139882.87750268483 476864.4340368948, 139888.1873844471 476869.47207757016, 139900.15634777036 476865.687289273, 139895.33450425378 476857.8772779759, 139891.8146431898 476850.5482826351, 139886.29682733596 476841.27627236187, 139879.78297225526 476835.1042223992, 139879.5169415747 476837.26320124633, 139880.07073457938 476850.61210384656, 139880.3476311969 476857.2790552021, 139879.41255378412 476862.8629967482))",충청남도 태안군 이원면 당산리 22-1,24200,36.8885335,126.3256417
54,4481040027100140041,4481040027,전,5878.8,"POLYGON ((180550.38647850117 455929.4966856712, 180550.92608441677 455954.8665040838, 180545.8560433362 455959.9863877997, 180529.09596634554 455973.08603203273, 180539.91574133124 455982.4961279756, 180543.64565997952 455985.9861592051, 180546.1956087576 455988.08618270035, 180560.98569591535 455975.27650600893, 180570.47547446864 455985.0965784347, 180581.50556894284 455973.6268338957, 180603.61506221813 455995.9070071274, 180605.70507991253 455993.74705543456, 180593.48536006818 455981.4269597356, 180584.19557295874 455972.0668869392, 180583.2656013865 455970.66688311705, 180595.52572993888 455956.3871785209, 180604.75578534495 455948.3273807793, 180605.97575076565 455949.987387114, 180610.56578142257 455945.77748920606, 180616.4357765936 455943.25759833213, 180629.68580938946 455934.7278659215, 180642.595796278 455929.3481047081, 180640.9458508112 455926.598099917, 180638.18594202996 455921.99809190125, 180635.27600360778 455919.3980666115, 180615.65638527102 455904.04787979164, 180619.5864585003 455897.387990067, 180612.22656756343 455893.84790338785, 180546.23711094007 455890.3669147272, 180546.26704121946 455894.8868813589, 180555.78695609723 455895.8270207088, 180550.22671631494 455914.10679839796, 180550.38647850117 455929.4966856712))",충청남도 예산군 오가면 분천리 14-41,33800,36.7016868,126.7827072
55,4477033030100460001,4477033030,전,122.0,"POLYGON ((179917.92549229795 387770.7530142077, 179903.2075996637 387770.32279756246, 179911.211270702 387788.6907899184, 179913.27441112927 387778.33089238056, 179917.92549229795 387770.7530142077))",충청남도 서천군 기산면 가공리 46-1,11100,36.0874961,126.7769537
56,4427031021105190008,4427031021,전,1319.0,"POLYGON ((164633.39830841398 481058.6506571529, 164637.49630616407 481056.739735207, 164641.06831368603 481054.4588080427, 164654.28131859287 481047.50906585803, 164668.5204082401 481034.545386373, 164669.30041265284 481033.8674036808, 164692.90054585243 481013.37992711656, 164685.05372528295 481005.6748662491, 164669.2151035801 480989.0757515503, 164660.2889611553 481002.7975070153, 164652.96989391354 481010.8343315642, 164659.75276245695 481015.9603961347, 164644.3266663022 481029.94204939535, 164650.89351789866 481036.2761012193, 164647.57243181684 481043.5289934901, 164647.46942911675 481043.75599013374, 164647.2344230257 481044.2689825133, 164644.6723562073 481049.89089919697, 164633.39830841398 481058.6506571529))",충청남도 당진시 고대면 용두리 519-8,66800,36.9273324,126.6034292
57,4423038021102640005,4423038021,전,840.0,"POLYGON ((224025.98352085112 401124.4341559271, 224033.2615433835 401119.8062990842, 224037.2055456901 401117.94237231836, 224034.82867495963 401110.5703854596, 224031.33586782508 401099.54840604693, 224007.4027938795 401114.75693536573, 223992.26078469458 401121.9346540532, 223999.51342406517 401142.2306287609, 224009.7524646658 401135.14083406597, 224016.47449359248 401130.33896984224, 224025.98352085112 401124.4341559271))",충청남도 논산시 벌곡면 한삼천리 264-5,41500,36.2076513,127.2670412
58,4427031022103950002,4427031022,전,598.0,"POLYGON ((165949.84775654948 482768.32562646765, 165951.2607724775 482766.5846618546, 165951.989851652 482761.08871598693, 165955.58795687684 482752.4658387924, 165957.42198200437 482749.9178869755, 165962.09897012505 482748.34197145246, 165959.27205137373 482744.49495783506, 165949.87626025622 482735.6718816576, 165937.49723912586 482743.24963148846, 165934.0572317234 482745.45456119365, 165930.78793523696 482766.3063480583, 165938.8539147777 482763.5864937657, 165949.84775654948 482768.32562646765))",충청남도 당진시 고대면 슬항리 395-2,44900,36.942993,126.6177037
59,4476044022108060003,4476044022,전,352.0,"POLYGON ((197843.65270965543 402906.88296797755, 197843.70068512802 402908.47795765544, 197827.6305376799 402925.47259607824, 197847.7601910512 402939.20580636046, 197845.96730255842 402932.6678244553, 197845.25539174062 402927.1118521451, 197847.76753873494 402916.285965267, 197853.60275426213 402899.43817053246, 197843.65270965543 402906.88296797755))",충청남도 부여군 석성면 봉정리 806-3,13700,36.2241675,126.9760019
60,4481039033102390001,4481039033,답,3240.0,"POLYGON ((183602.02732913994 457002.2766363564, 183596.85260522144 456986.84767192404, 183596.73162359 456985.7136785363, 183588.60764530816 456988.21253467794, 183559.826086212 456973.44320156716, 183556.3590977516 456974.3621412775, 183554.86007977632 456976.2501040715, 183621.00187716313 457087.3822926987, 183635.39157862356 457034.9349064145, 183629.60468874619 457030.57184984797, 183634.3927161964 457026.4869541572, 183616.4280265263 457014.9887632601, 183605.69423869427 457006.3826621766, 183602.02732913994 457002.2766363564))",충청남도 예산군 신암면 탄중리 239-1,15500,36.7115234,126.8165166
61,4427038032101990000,4427038032,전,219.0,"POLYGON ((182150.56505110575 479178.9613055863, 182151.30008110462 479176.67133456486, 182152.26521904522 479167.32342122414, 182134.38523876795 479174.80308598373, 182122.32332286108 479175.29389474925, 182112.27645034983 479172.0067637915, 182115.61537906702 479174.9597930497, 182119.2173152311 479177.30483105726, 182123.81925883374 479178.68189202604, 182128.59321988752 479178.85196492396, 182136.30212585902 479181.13006727875, 182147.42405455332 479180.27624668897, 182150.56505110575 479178.9613055863))",충청남도 당진시 신평면 매산리 199,63200,36.9111694,126.7995526
62,4471038029101230001,4471038029,전,856.0,"POLYGON ((234420.14954102985 406926.5336239658, 234427.09667394366 406914.9748094229, 234432.7378325902 406902.3179820081, 234438.2069954659 406889.4621532642, 234439.40606450292 406884.49420526496, 234423.5581587596 406885.2279545723, 234423.94803928304 406892.76590993325, 234421.3849341759 406900.6468171939, 234398.90008382147 406900.6614684211, 234394.4721125493 406900.7123994139, 234394.6690781313 406902.8473881119, 234399.29997280962 406907.64942763327, 234406.15875935648 406918.4674612464, 234408.31669102894 406921.9464713151, 234415.53852847635 406929.3255336862, 234420.14954102985 406926.5336239658))",충청남도 금산군 복수면 지량리 123-1,53300,36.2594557,127.383006
63,4415040023105720000,4415040023,답,565.0,"POLYGON ((191122.84909286126 437964.3115947616, 191126.62601655434 437967.51062947937, 191127.2780996312 437961.79068104934, 191128.06215133856 437958.0527202415, 191124.01936221938 437946.20874425466, 191119.2636871949 437927.2638089217, 191115.21089596124 437915.56183174846, 191111.86800866478 437909.78682240576, 191104.24208366813 437908.47971487604, 191098.76412031866 437908.663629474, 191100.54006693352 437911.30863751005, 191102.27600777824 437914.34864206205, 191103.7578823378 437921.827610465, 191106.59674259485 437929.60159754497, 191110.82457930312 437938.25759953546, 191114.51944678577 437945.15860609326, 191116.92744189443 437944.34664894897, 191120.5262833811 437952.9866414018, 191122.84909286126 437964.3115947616))",충청남도 공주시 신풍면 조평리 572,14000,36.5396535,126.9007833
64,4415036035102760001,4415036035,전,1206.0,"POLYGON ((215851.7783538746 443651.1541066875, 215813.3626265943 443651.13750793535, 215815.54542442464 443663.1144562994, 215818.92321717367 443674.8734248492, 215832.19200905363 443682.18757938815, 215837.6987860766 443693.98658084305, 215844.43775514542 443692.904693639, 215854.8597359823 443689.3918812372, 215850.06787604457 443682.5868552057, 215851.013095374 443668.08597365784, 215851.6303413637 443652.0240981574, 215851.7783538746 443651.1541066875))",충청남도 공주시 의당면 도신리 276-1,21700,36.5912789,127.176959
65,4420025022103020003,4420025022,답,1296.0,"POLYGON ((194283.57278289995 470049.89440236276, 194301.91353565504 470056.99263485125, 194319.56019847543 470070.194810681, 194317.5432680529 470066.69380554475, 194301.1485875234 470054.02964518673, 194290.5438376613 470043.04656242824, 194281.6731700292 470025.95655256155, 194269.213419713 470015.88943402085, 194254.92858637415 470012.0232404684, 194232.13471076486 470014.938863391, 194237.03454944363 470022.94987956784, 194241.74141381768 470029.40390443505, 194244.21137054727 470030.999930935, 194247.32037424497 470029.27599232673, 194251.02929976204 470032.2830275362, 194262.48106341413 470041.97613317624, 194283.57278289995 470049.89440236276))",충청남도 아산시 염치읍 강청리 302-3,30500,36.8289747,126.9357304
66,4476044023103810002,4476044023,전,1577.0,"POLYGON ((200985.10615615596 403828.3683064249, 200989.29709909757 403830.2313572642, 200993.299062295 403830.84741385834, 200998.76908995459 403826.56152667315, 201011.21797464974 403828.5317023436, 201011.43509520468 403820.50476115313, 201002.1621590249 403820.48862026224, 200997.75323430367 403817.52557371155, 200999.2303417769 403809.7906496596, 201008.92931707558 403807.0418161475, 201012.27418616513 403814.14381789847, 201014.09830964287 403805.1999074827, 201006.63452196014 403794.60086728114, 201000.64066691234 403787.7698233799, 200985.37788276662 403780.45464188757, 200980.61789673078 403781.68256101874, 200977.73180268795 403789.16946536175, 200977.8095240376 403807.46234004595, 200974.7834575137 403813.2022543377, 200966.1795196699 403812.9941249535, 200962.17048272348 403817.232034685, 200959.04845205817 403820.65696353116, 200961.25537468324 403824.75096877635, 200965.72721786122 403833.04897938715, 200982.17319607866 403827.06527083763, 200985.10615615596 403828.3683064249))",충청남도 부여군 석성면 비당리 381-2,9840,36.232181,127.0109838
67,4423038025103790001,4423038025,전,527.0,"POLYGON ((224154.39834451137 398282.80825471145, 224145.0203241287 398288.2000743976, 224143.23531833186 398289.3510392379, 224148.63724408817 398291.8421055048, 224154.81917933817 398293.37719017745, 224158.64113627982 398294.5232412016, 224165.47897813268 398301.8532970242, 224164.2319390584 398304.93725714704, 224164.9518881312 398307.94024803594, 224171.5268943493 398304.6853709235, 224180.61490737324 398299.898542722, 224174.38118911785 398284.26155198365, 224171.78430255124 398278.0035541195, 224154.39834451137 398282.80825471145))",충청남도 논산시 벌곡면 검천리 379-1,16300,36.1822083,127.2686334
68,4420025031103910014,4420025031,전,521.0,"POLYGON ((200893.002153387 468228.339164751, 200887.67774486123 468193.0003449282, 200875.63092056362 468187.4541980295, 200875.72879658738 468195.3431407672, 200875.82555360207 468210.85002670845, 200875.90831068912 468226.35891241446, 200881.20929829398 468224.6440080248, 200885.81919142604 468229.30304533284, 200893.002153387 468228.339164751))",충청남도 아산시 염치읍 방현리 391-14,58300,36.8125517,127.0099132
69,4420010900101090004,4420010900,전,450.0,"POLYGON ((202269.40281764205 461706.34705305716, 202279.42385526933 461699.2232619729, 202289.70287318854 461693.24246646324, 202303.14177034958 461693.5206739765, 202318.57060610646 461696.80189033283, 202329.28751882308 461697.3620533175, 202331.65156143595 461693.5181185922, 202324.02468296557 461689.3090307528, 202323.35769359372 461688.94102307427, 202310.04484497974 461685.4898409698, 202303.35990133675 461685.01774021366, 202298.6319170119 461686.23465749074, 202291.56091961317 461689.39152389544, 202278.6609153582 461695.72827590257, 202263.0419463136 461701.0849927523, 202258.2489757398 461701.45091530686, 202256.4799396685 461704.5958644772, 202269.40281764205 461706.34705305716))",충청남도 아산시 좌부동 109-4,80400,36.7538375,127.025971
70,4477041027102410003,4477041027,전,371.0,"POLYGON ((161223.91435463002 394838.6675501431, 161217.3304496951 394835.3794759818, 161208.56851340912 394835.24334717117, 161195.74730672105 394855.29601486056, 161194.3992861201 394857.3279804627, 161197.9842053203 394861.0790069189, 161201.24513234003 394864.4560312324, 161223.91435463002 394838.6675501431))",충청남도 서천군 서면 월호리 241-3,18500,36.1506579,126.5689492
71,4477031034103140005,4477031034,전,876.0,"POLYGON ((175535.3170018844 382834.7368851226, 175538.39298247432 382834.6259315761, 175549.54782387477 382840.16305901925, 175547.54427890648 382810.4472344554, 175549.13730683978 382807.8322761711, 175560.77822175404 382808.19544656, 175559.08129614833 382803.9684505447, 175555.16751043577 382791.34347958886, 175539.15253992192 382796.7402044637, 175526.43556334643 382801.0249860011, 175534.89800478343 382834.7348789136, 175535.3170018844 382834.7368851226))",충청남도 서천군 마서면 신포리 314-5,13600,36.0426785,126.7285949
72,4413131022100620010,4413131022,답,1819.0,"POLYGON ((212926.01087845745 459102.8607345198, 212936.7115384858 459119.61977982, 212939.03841735143 459126.2777676712, 212941.44435237994 459129.31378320104, 212985.8357487211 459083.49581304914, 212974.51905440993 459069.209740037, 212966.57224389847 459060.78467703983, 212926.01087845745 459102.8607345198))",충청남도 천안시 동남구 풍세면 가송리 62-10,33500,36.7303012,127.1450356
73,4480036026105370003,4480036026,전,1174.0,"POLYGON ((158849.58407268807 438030.1261498064, 158851.74644145236 438004.604373301, 158865.32936201838 438003.1895886911, 158863.4924420787 437998.78359394753, 158862.1955765099 437990.50563630497, 158862.60773072418 437980.07472053426, 158828.68410746538 437971.77827107627, 158833.89499692136 437976.54631398607, 158836.42191254342 437980.8993195294, 158835.6557927268 437989.22324571846, 158834.3024831281 438010.4230667525, 158833.59120837695 438028.99591711024, 158846.78408611668 438030.6131039448, 158849.58407268807 438030.1261498064))",충청남도 홍성군 결성면 무량리 537-3,17300,36.5394348,126.5404074
74,4482525321107840000,4482525321,전,499.0,"POLYGON ((141152.14810322569 437849.34397077793, 141145.4571450156 437849.921866489, 141134.8321561324 437854.5396727765, 141135.79611581488 437856.7536703495, 141139.6300733072 437857.66572066274, 141142.63303381298 437858.795756917, 141144.96899242458 437860.3887796933, 141149.20091559854 437863.3988200125, 141155.53778966182 437868.6358748446, 141159.688802994 437865.6479595174, 141163.3888121682 437863.166033612, 141178.97979558635 437856.4083177281, 141179.22279532198 437856.30332215514, 141187.83178772705 437852.4674798307, 141191.13079820678 437850.1005470651, 141190.08382686568 437848.7095419998, 141188.5648290082 437849.33251458814, 141184.41383487423 437851.0344396831, 141179.20988774527 437850.1193689351, 141171.00691112486 437852.6932269088, 141166.93992911157 437853.5411597446, 141164.4569942518 437850.4311462964, 141163.12300670554 437850.2701276018, 141154.07209121052 437849.1780007632, 141152.14810322569 437849.34397077793))",충청남도 태안군 안면읍 승언리 784,26700,36.5372099,126.3429205
75,4421038037102920003,4421038037,전,1005.0,"POLYGON ((158830.70837172616 464527.1457660134, 158830.56444127954 464522.65779836965, 158828.24250704912 464519.5087871973, 158829.37859341534 464513.27785249683, 158812.31061114557 464520.6615352909, 158801.28102131438 464499.29353155836, 158801.30197757788 464502.1505098791, 158788.43102156935 464505.7112861325, 158788.54185034698 464516.88120182406, 158787.77475032106 464523.82313667604, 158787.1874705964 464542.4559842553, 158793.55544167687 464541.16309134825, 158830.70837172616 464527.1457660134))",충청남도 서산시 운산면 상성리 292-3,24400,36.7784288,126.5385376
76,4427038022107700000,4427038022,전,635.0,"POLYGON ((176471.6980716217 477646.94096358964, 176486.78112697758 477635.9352818053, 176494.154218857 477626.36946954957, 176492.02529158545 477622.72146463336, 176482.69754318942 477611.0684097941, 176468.55153743675 477618.4091342784, 176463.41430431616 477635.994919487, 176471.6980716217 477646.94096358964))",충청남도 당진시 신평면 초대리 770,48100,36.8971373,126.7360703
77,4420038030100860009,4420038030,전,307.0,"POLYGON ((191401.7047078053 470793.6459265186, 191388.19988421767 470788.7967528762, 191380.22212699134 470777.02871739847, 191367.87214111397 470782.05348732264, 191370.9939819513 470790.78147013334, 191372.52896384828 470791.2074908121, 191377.26690801024 470792.51955466555, 191401.3116062426 470800.3608697975, 191401.7047078053 470793.6459265186))",충청남도 아산시 인주면 도흥리 86-9,34700,36.8357502,126.9034027
78,4413331034101920004,4413331034,전,669.0,"POLYGON ((215967.88428490958 482169.2893142688, 215967.7434421753 482159.42538571986, 215966.13965411994 482146.7934546715, 215962.97795980534 482128.9715377129, 215958.5360957208 482122.46751593804, 215947.9498619385 482142.1812010077, 215941.90173022347 482153.32702195295, 215940.71468105444 482156.9869758096, 215955.0574991898 482161.760167338, 215961.14140745383 482164.70624169894, 215967.88428490958 482169.2893142688))",충청남도 천안시 서북구 입장면 산정리 192-4,53700,36.9380035,127.1790913
79,4480033024110760002,4480033024,전,2490.0,"POLYGON ((170287.87700329855 437545.3387557098, 170306.53677093328 437551.6289922411, 170316.03972752302 437549.89314925123, 170349.05476145202 437531.684784848, 170420.86182417325 437492.8151618267, 170407.16202779525 437486.01900426485, 170399.8020066544 437490.9728559555, 170382.45923791785 437484.1166435737, 170374.76119288013 437490.8094772706, 170343.26984730636 437528.82371825515, 170325.2562862285 437508.6035945908, 170308.7391926478 437522.7632392469, 170295.63502801422 437539.9559132336, 170287.87700329855 437545.3387557098))",충청남도 홍성군 홍동면 홍원리 1076-2,17200,36.5354927,126.6690802
80,4479037029103500001,4479037029,전,1140.0,"POLYGON ((182482.51011294022 420773.6589473059, 182484.11417970204 420768.50300864014, 182468.62141667627 420760.14883366774, 182470.0534890308 420754.70489445986, 182480.76862442528 420740.7441571558, 182475.51768147983 420739.44708684075, 182469.82972212273 420739.43700066, 182463.71172113658 420742.374886798, 182453.42276606508 420744.2427173686, 182447.35585728037 420741.0756481028, 182440.6936405418 420758.49842201546, 182454.5463321819 420772.3305327898, 182463.6201543527 420779.797616789, 182470.37601771601 420785.63667732314, 182473.2220374943 420782.99573943776, 182474.65800460262 420784.49075048184, 182477.03904188963 420780.9138122639, 182482.51011294022 420773.6589473059))",충청남도 청양군 남양면 온직리 350-1,12700,36.3847721,126.8045436
81,4476032035103780000,4476032035,전,704.0,"POLYGON ((186149.13166710857 414673.5770935868, 186148.66072633272 414669.8871126624, 186148.9047869424 414665.7731455856, 186147.3528925638 414659.52316646994, 186144.92600809253 414653.02617585077, 186142.42110453424 414647.82517484436, 186140.05715932086 414645.3081569044, 186134.2991569734 414648.140049545, 186123.56519266826 414650.7748681883, 186118.39518121106 414653.9347674057, 186118.1021113585 414658.6817292428, 186123.21202701592 414661.87278399896, 186127.83191007047 414667.4438144241, 186125.81983905338 414673.06674398994, 186128.62369561393 414681.23072847736, 186137.13766436197 414679.33487094945, 186149.13166710857 414673.5770935868))",충청남도 부여군 은산면 금공리 378,12500,36.3299015,126.8455584
82,4421038024100500000,4421038024,전,1494.0,"POLYGON ((166563.75574336192 463989.39908709686, 166565.77854913354 464001.0810287842, 166564.8035006936 464004.72698598297, 166564.6863714926 464013.2219192609, 166577.5653559334 464007.8611574725, 166585.04512735628 464019.08418624336, 166597.23111850722 464013.62841457233, 166599.47114005266 464011.11246810725, 166601.44022815453 464004.3845496883, 166598.9452838396 464001.98352982954, 166599.83731764203 463999.3345637374, 166605.5513165387 463996.5776723184, 166608.27031601378 463995.265723987, 166611.97834591023 463991.47780972626, 166613.32939348856 463987.7018592775, 166606.49753591564 463981.78379987914, 166600.82359028223 463981.04271864705, 166597.49767280347 463977.30069631326, 166594.60075372417 463973.45068137295, 166594.33182629838 463968.8447124595, 166590.38690512136 463965.65067645593, 166582.58793997855 463967.2355449031, 166581.78982831852 463974.9224739303, 166579.1767596777 463980.6983897645, 166572.85882451743 463979.5923014624, 166568.11083846557 463981.0322177432, 166570.3177289964 463987.0882052519, 166563.75574336192 463989.39908709686))",충청남도 서산시 운산면 고풍리 50,24600,36.7739915,126.6256878
83,4420038026102980003,4420038026,전,364.0,"POLYGON ((188403.32982026672 472809.171051866, 188417.10279649496 472804.04730486864, 188421.58378875972 472802.38038717874, 188420.44883566484 472799.91238821653, 188411.9071888344 472781.32739609876, 188399.5111570711 472789.3571425092, 188401.37405655463 472794.9211293533, 188403.32982026672 472809.171051866))",충청남도 아산시 인주면 문방리 298-3,58800,36.8537901,126.8700481
84,4413137027105620001,4413137027,전,2063.0,"POLYGON ((232284.93139494694 468850.72422106285, 232291.05428048671 468855.15628619015, 232296.21526897492 468853.5433798919, 232301.4242718937 468851.00048110355, 232308.49933379763 468843.89964502887, 232315.63642095658 468835.1808216763, 232322.28952264242 468825.76699567586, 232311.6762148175 468787.0021082604, 232297.79726529808 468790.10986521153, 232286.5262574437 468795.7086455242, 232280.68017763333 468803.380496989, 232275.61505939512 468813.11734587606, 232282.4468950872 468820.3664018313, 232281.53272034205 468831.78030450246, 232284.49457582275 468839.5362952922, 232283.40050502648 468844.48824198096, 232284.93139494694 468850.72422106285))",충청남도 천안시 동남구 동면 덕성리 562-1,24300,36.8174917,127.3619908
85,4480025321103030003,4480025321,전,653.0,"POLYGON ((165997.30324571818 434722.5446768021, 165993.64643913985 434711.5247031259, 165993.66852939402 434705.5427477519, 165993.69864782342 434697.69280633295, 165983.03679423127 434693.1866785325, 165974.32167148014 434705.5424553084, 165973.14065485026 434707.2164250636, 165968.8165253498 434717.88528069865, 165981.25826408528 434729.12538553955, 165997.30324571818 434722.5446768021))",충청남도 홍성군 광천읍 신진리 303-3,45400,36.5100815,126.6202684
86,4480025027104710001,4480025027,전,2813.0,"POLYGON ((170543.96010406257 442484.830997188, 170530.29096569968 442434.7921615796, 170529.16896093616 442435.6501381382, 170515.34990231582 442446.2118494541, 170511.06778456568 442456.03471127455, 170509.5227223663 442460.87565177074, 170501.98744467483 442482.797374118, 170493.76836365083 442492.11517982744, 170485.63145899714 442489.7930733822, 170471.94863354936 442484.952901345, 170461.67778328384 442480.08878136857, 170469.24456790456 442490.58281834656, 170506.32777204845 442524.93112665904, 170543.96010406257 442484.830997188))",충청남도 홍성군 홍성읍 학계리 471-1,29800,36.5802644,126.6705388
87,4481035023107850000,4481035023,답,1777.0,"POLYGON ((178805.40712167093 447014.7643617117, 178804.54508760397 447017.4053289153, 178803.90606233207 447019.3643045984, 178804.45091890162 447028.4752453111, 178807.80177929503 447035.9862408429, 178811.94568177682 447040.36527175957, 178840.564665098 447027.6878038383, 178843.26555532892 447033.5618015777, 178844.58151607553 447035.4938073764, 178841.63976962908 447020.33987483045, 178848.09581922577 447013.9930207383, 178847.05596029077 447005.2750695289, 178848.26404185267 446999.3641318872, 178843.69616366792 446993.6011047511, 178839.38531013785 446986.1030944261, 178835.6863879876 446982.7950623706, 178830.7534534501 446980.89000101725, 178820.40751577658 446981.7938359764, 178816.62738753698 446991.992702431, 178810.2032942462 447001.17953593493, 178811.90021622812 447005.4615301249, 178811.01413095248 447011.46047203976, 178808.88210738293 447014.02642036637, 178805.40712167093 447014.7643617117))",충청남도 예산군 응봉면 건지화리 785,16400,36.6212794,126.7632886
88,4427038025103840000,4427038025,전,3045.0,"POLYGON ((179990.89877508546 474711.53898419894, 179995.98582043345 474706.1231044194, 180000.2838338933 474703.1511937362, 180004.22982318985 474701.9112643569, 180008.22170465143 474707.608282674, 180012.3166437274 474709.53633139277, 180024.25072878526 474698.2076029058, 180028.8157662066 474693.5587091744, 180024.56189782717 474687.14569226897, 180021.53198161215 474683.2206753173, 180021.60201513948 474681.02269320004, 180030.47305694493 474673.9838844586, 180040.55608255006 474667.39809103566, 180053.15612892338 474658.24035626807, 180060.4591648496 474652.34851446503, 180069.4292570594 474642.0087324813, 180069.827326339 474637.3427743058, 180068.90937576914 474634.6017810274, 180062.95748612052 474630.3917209712, 180015.50547722686 474654.18280385353, 179994.4664689959 474665.0083951071, 179993.45345323437 474666.5213678484, 179987.0253805755 474674.3562083632, 179981.3493526789 474678.93408542254, 179976.1653185078 474683.67596885154, 179971.7392424956 474690.74784621736, 179969.39317847317 474696.0277695085, 179985.78989067202 474706.5789429426, 179990.89877508546 474711.53898419894))",충청남도 당진시 신평면 남산리 384,54600,36.8705711,126.7758875
89,4482536021109890000,4482536021,전,625.0,"POLYGON ((137819.43944327385 479784.15351061936, 137822.47338311712 479786.5365377062, 137828.9432362165 479792.84458570264, 137828.0619401262 479812.8044133538, 137827.5637782627 479823.7243188181, 137838.403922413 479808.58860396186, 137839.35599107784 479803.5706583831, 137841.3520523734 479798.49472911586, 137843.61408554495 479795.1327902389, 137852.611145569 479786.49699562654, 137824.3875396061 479775.2336567881, 137822.73356667464 479774.31163901865, 137819.43944327385 479784.15351061936))",충청남도 태안군 이원면 내리 989,30000,36.9148807,126.3023702
90,4481032033101400005,4481032033,답,2947.0,"POLYGON ((187432.22103299713 442836.8473924423, 187416.07353224285 442811.96532701666, 187332.45329944085 442866.7536420043, 187348.49980317932 442891.48870692344, 187432.22103299713 442836.8473924423))",충청남도 예산군 신양면 만사리 140-5,16900,36.5839343,126.8590241
91,4481037026103190000,4481037026,전,179.0,"POLYGON ((170066.81327142305 458112.7034245797, 170068.20921571675 458115.65842357033, 170070.9820952634 458122.1684167153, 170072.34101250375 458126.9094016174, 170079.6670475703 458121.0225583154, 170082.2911376346 458113.84965278476, 170078.59025215646 458108.18263905076, 170076.51226848215 458108.13560760603, 170070.34929761605 458109.2565047962, 170066.81327142305 458112.7034245797))",충청남도 예산군 봉산면 옥전리 319,23600,36.7211394,126.6650362
92,4427025325100810000,4427025325,전,2163.0,"POLYGON ((176076.88981816493 475014.35907395976, 176089.80779894112 475009.2453129715, 176097.04792910363 474997.26551684586, 176098.60409483832 474985.7826289977, 176101.54018525966 474978.4907303396, 176108.66233879415 474965.0579435287, 176109.5853716536 474962.47897758684, 176107.73154949333 474951.8910301315, 176103.60283215437 474935.64409090346, 176096.67083043925 474939.16595668247, 176092.460827421 474941.4328741868, 176088.052835384 474943.08679332933, 176083.2598475635 474944.6577071545, 176078.87387175395 474945.2516347673, 176075.42182197052 474950.16954365716, 176070.92667271534 474962.03338313336, 176069.89965815537 474963.48035615054, 176079.53749448704 474969.3214603946, 176058.7363130287 474991.29197016306, 176064.0471982286 474996.1020153975, 176076.88981816493 475014.35907395976))",충청남도 당진시 송악읍 청금리 81,48500,36.8732181,126.7317462
93,4423025332113570003,4423025332,답,4726.1,"POLYGON ((204788.96612569081 393632.65202236816, 204798.1653197203 393681.6918282344, 204880.9859986456 393666.03019133897, 204888.5954853602 393630.5635481032, 204891.1575195489 393627.1706100573, 204888.6457416963 393613.6436639826, 204788.96612569081 393632.65202236816))",충청남도 논산시 연무읍 신화리 1357-3,15200,36.1406948,127.053831
94,4413325034100250001,4413325034,답,2995.0,"POLYGON ((212738.92345284257 483041.25967634126, 212738.89392574964 483011.37489993946, 212638.7056668493 483011.62931322365, 212638.76219319497 483041.55008976255, 212738.92345284257 483041.25967634126))",충청남도 천안시 서북구 성환읍 대홍리 25-1,40500,36.9459622,127.1424016
95,4479036031108910000,4479036031,답,2127.8,"POLYGON ((189399.98420145005 415898.78271126293, 189327.59558569294 415841.1530206589, 189323.8955265155 415846.76392467343, 189323.275456351 415851.671880446, 189324.1753693571 415856.9838564332, 189327.21525762777 415862.9338603958, 189336.20504212024 415872.961925791, 189341.88483513443 415883.96193402505, 189342.27464985105 415895.98285467934, 189343.12460091533 415898.8118475193, 189355.6444346343 415903.96300112037, 189366.11431299 415907.12413770764, 189372.32422196364 415910.2422099018, 189378.72415019365 415912.0042945978, 189389.48421059127 415903.04352157493, 189396.24419509107 415900.9336392067, 189399.98420145005 415898.78271126293))",충청남도 청양군 장평면 분향리 891,14300,36.3409278,126.8814517
96,4477040022104990002,4477040022,답,1975.0,"POLYGON ((163507.0257607014 394402.5674775831, 163585.18235388474 394392.98570434714, 163582.1987427218 394368.1738358323, 163503.8071538935 394377.5726068963, 163507.0257607014 394402.5674775831))",충청남도 서천군 비인면 성북리 499-2,13700,36.1465867,126.594892
97,4421011000101410005,4421011000,답,4065.0,"POLYGON ((150438.8081243487 460808.1148253672, 150437.78962141598 460709.87456871127, 150396.1869364087 460710.1229361062, 150397.89542806667 460808.7602001297, 150438.8081243487 460808.1148253672))",충청남도 서산시 죽성동 141-5,15200,36.7441393,126.4448063
98,4482525027111230000,4482525027,답,3411.3,"POLYGON ((140376.65020681045 460566.44957690407, 140402.85855850973 460662.3492250107, 140435.4884390078 460653.5497855173, 140410.4200794162 460557.59015503165, 140376.65020681045 460566.44957690407))",충청남도 태안군 태안읍 평천리 1123,13000,36.742187,126.3327412
99,4413325035104850014,4413325035,답,2932.5,"POLYGON ((212174.35340655223 484005.24951160286, 212203.91311533964 484009.7399455362, 212217.5845583587 483912.08089512755, 212188.1348409715 483908.08045926614, 212174.35340655223 484005.24951160286))",충청남도 천안시 서북구 성환읍 수향리 485-14,44100,36.9543733,127.1368781
